Characteristic 1,Characteristic 2,Characteristic 3,Characteristic 4,Characteristic 5
1.21138750697476,1.94702133840246,-0.214539574297563,-0.468656739071168,0.0532973707786315
1.70412576830966,2.4367409586367,0.0721669203600468,0.506170271848142,0.46767074625158006
2.1578836819480802,3.7375262256821205,0.578618496610957,-0.229936005046833,0.466264237651174
0.6591231188674339,0.662740885942839,0.31019421013199,2.8792551195618397,1.1888151065255301
0.844030345800733,2.91824787853849,0.0406235734718381,-0.954726705308727,-0.221207679433952
2.0875113155626597,3.30028202524716,0.14816907183853398,0.215921101363678,0.602773488132957
2.63842852179584,4.169644040043161,1.06176729171196,0.7580675424399309,1.0136158226274499
2.197984378163,1.0439912824469,3.21628742473583,2.80225102303548,2.11650277115944
1.5419011388453998,0.05886454660169099,2.3263355525871203,1.48423317504832,3.0545095000569398
2.9439264876786,1.08680832146742,3.30353333176169,2.8904990090527005,3.7306764383525097
2.8489891229049396,0.8431367841302149,3.28405477338849,2.8304379066018903,4.4264678415313
0.298085494648908,0.8125268923986321,2.08094555919356,1.93663004489274,2.86365685148838
2.5080695054829603,2.16374634460038,2.87836419308125,4.610956796501379,4.1242432916361995
2.8823530888446003,2.25087327574228,3.50985061458076,4.26074505042202,3.98102705793135
-0.5098441275208401,0.65114405788801,-0.361918889829399,3.2653157786467304,-0.0723560457112991
4.48502692900787,5.09407786252165,2.12967239669022,2.51601273462131,2.69265669084292
2.63116698825211,3.18299726300512,0.277913576800787,0.7073455724378871,1.05341082957524
1.50824711870208,2.21545062574925,0.6489463093952579,3.6367246210616897,1.1349105725296598
3.51010171583043,6.199463146511429,2.5082775381210802,1.42375602944047,1.8878134138183102
3.7175026620684304,6.132527659892549,3.9295792073437297,1.8570379739316,2.87576550580943
3.30918388886177,5.930997203778089,3.09358552420357,1.2634243601755901,1.95918187603889
0.269171473940745,1.7172971782915198,-1.17949960868778,-1.9956210111381,-1.2425643429241102
3.47438587042127,4.61701344533699,1.32624394200263,1.12040710498823,1.64788641979786
1.9666354794307601,2.0615784366923897,5.010855123861361,3.00489945639875,3.72242264329606
3.2742371775821204,1.04019307984274,3.9017988755245203,3.5809652030613197,4.90079377091748
1.2538018818422398,0.8741563421052758,-0.7153168434607808,2.82472748784234,1.6858364996276998
2.14306863649127,0.834936032646735,4.23289548647678,1.83498476117785,3.66910769357552
1.06649260158478,1.52615031683554,-0.10478704124401599,3.7520591796462597,1.45492716150621
3.1151859744642003,4.11701417176307,1.12602784957631,1.5876514243843,1.7984875901287698
2.54960697609058,4.5843860426629295,1.9487222217075602,0.475618810281673,1.30865545007674
1.7617205578930402,2.08208383341641,-0.8179342399276659,1.37283859416222,0.505904413005733
4.3668429377108104,6.66562823264943,4.06737949980418,2.25474958892631,3.1019885542530097
1.4600726127115402,0.7835598309680011,3.61001042017039,2.39948075715501,2.9898857689383
1.5308043568984397,1.9313149746220601,2.2176768359307997,5.3735997438092005,2.46811903596272
1.77214612330641,4.28207486713863,1.70334933724098,-0.498125100246187,0.736058005955354
0.7242323107558208,1.0918146418505301,1.25941797328501,2.4049175179245896,0.45210226229737
3.09243264741405,0.0185859683858691,4.80745054150787,1.52113242597831,3.8395495998508298
2.18280437710496,4.05586415421167,2.03902372636724,1.1444723589999,1.82280634818556
4.48834791844293,2.81599914703766,4.61296035951524,6.283924569718,6.669043681254211
4.32947425789763,5.41774154906141,2.3355950858912404,2.4886440267816,2.76383594421111
2.1893366968979198,2.39193446061048,1.81331218834667,3.8651778904473995,2.02455425188414
2.2352151523362798,2.72763477703358,0.635890202166689,3.91927936778126,1.6354984183856898
4.53596420816816,4.963804352929481,2.04716787275284,2.36467119014619,2.69607879832127
2.4887901824437098,4.43289191226771,2.1719199789171,0.882196341352855,1.34837452765876
3.4416687827524,4.575475366185531,1.76223912924685,1.08065077636116,1.7371133337357199
2.41595912408364,1.25683391661362,2.5465746790526,3.8930952796470804,4.51749196702706
4.20169974446915,6.58909148484425,3.3447320034071404,2.0168979369501696,2.4101923007731
0.6151000282115671,-1.1609684266056202,2.8456805010622,0.0275526643641637,3.0459969881233597
5.172848414472099,1.95740873446192,4.6949406379763206,5.180350646077099,5.77458516427662
1.22096970529405,1.78481192372962,-0.15163555051682298,2.65170048833925,1.04768733005699
2.21862118431311,1.4678955563620502,4.1945370220702305,2.42504738842653,3.70729134508964
0.9546611655851992,-0.323954740094263,2.5358632178817,0.32897083391025606,3.27882965437575
1.44637181222359,2.69859121314084,-0.22588677960176104,-0.485403506101989,-0.265008823604947
0.8480980512933621,1.43908525498532,0.8920682880421421,3.97710230102104,1.47308276982322
3.1612933892823194,5.72624883340134,2.50991874260182,1.10705604155465,1.80000047151931
3.45620722784804,2.26924972047902,2.4521501515910495,5.38521511929577,5.44729049926012
1.35793521314159,1.53133276943939,3.17317877286583,2.76064097512909,3.5079053861166094
4.84626965151063,2.83257273341221,4.0353592574164,6.634175592211161,6.73368438443861
0.9415274847656541,1.14689351006485,-0.0920741457007503,3.2777630252613403,1.08722949050192
4.02623573223438,2.08830938423895,4.546389468133,4.59384063608787,4.885735465245441
2.9406737685428,4.57532675126774,0.7514976239321121,0.437128188164901,0.8782199117571651
3.07606681440552,2.8024944172682296,2.56691679833176,5.25357937982656,3.47280367847158
2.32582208821625,3.25729621373588,0.45559881934690205,1.23088672669233,0.893425794488208
2.37324959664672,1.03282141760543,2.16614606567836,3.15531139536538,3.85636356552876
2.71168404284663,5.1881722194438,2.45831583217516,0.813850279247115,1.67851991465808
3.8733659794435495,1.4222348644402798,3.95340235034531,4.24592099591341,5.85383325750071
3.04711870329544,5.599947622293691,2.4196529633023904,0.625866719227029,1.6340828375020098
3.14518572860071,4.31315986820279,1.40820684878941,1.05870277268564,1.49324807624672
2.9124506903902696,2.80479950025388,1.24572140317431,3.78245891547233,2.25388369307798
3.0005932797009502,5.40715729310176,2.8541601443539304,0.86614372214726,1.92627991519292
3.0516998673767297,3.3609300693402004,2.130214961804,3.26632154289778,1.46721489683476
2.5994066719130497,2.03786755891503,2.42922874264099,4.25979702361036,4.18033690373003
2.69623391190579,2.8841095057139396,3.2791531440506696,5.1755156504243205,2.7501680385875
3.60046299754342,4.58102166919112,1.0270261942021,0.623647517203315,1.2932226512949498
2.83154260395541,4.639869703833201,1.1503614185688797,0.577834217623179,1.0363682358362099
2.33197484611575,0.650274260306958,4.14284592240264,2.06562604734538,3.43290239300354
2.7515980663199104,3.15531073562526,1.21558249439334,1.31331099181822,1.56101594119164
3.5414601831557997,4.716376571563821,1.7494037213398501,1.9087650911974698,2.13838627374983
2.50262933475385,4.85582632197445,1.48207665469115,0.716478474035562,1.0423599438123399
2.6495755965581296,4.44756005757779,0.613558440439694,0.21952933906823396,0.8529324904750308
0.42085064178157794,0.6157659588183729,1.44304082612213,4.803441885352901,2.34847233693515
2.22774474685352,2.8246537961044105,0.185288994541372,0.46385641360462004,0.61226999253509
3.0924856913500802,2.5449262257662997,0.7428158410997691,4.1399985610299,2.86510077835177
0.580541086258622,2.8811645788444604,0.266191113887003,-0.6750413592727691,-0.128613952704583
5.819971315966329,7.51819670373335,3.98371778697227,3.7283890625953195,4.10457882357938
0.709454262755872,1.43084504625202,-0.450918138392391,2.40745393176002,0.341108655347222
3.82547383313258,7.08801761586776,4.465973686939661,2.38304916826998,3.0433566203779603
3.2130465240419603,4.48426029492335,1.7520332229071,1.61890476809167,1.99197770905184
3.2384778427736003,6.28576985478197,3.90509241356134,2.13439786047726,2.75707370817121
1.97849042128748,1.6985791777613797,0.587303279055291,3.39903705375206,2.01269312487364
2.8673804795454703,4.6767051002138,1.85983404600302,1.035933455169,1.64230345381513
0.7408613394572291,0.45649342652566605,2.1587862176479597,1.5028592916823997,3.10758034653534
0.80462232845662,0.904975307802637,0.0273802823266011,2.8498143343674203,1.7764248738284298
1.3259403823328,1.2555591771989199,0.45812290945657397,3.9988757521200498,2.2071885474300696
2.37519363405326,2.5966156356458,-0.0693320955873151,0.7877326840610509,0.763085689366573
1.18322883751379,1.36575600546552,1.1353849415529298,3.6478931448076803,1.27088288287476
-0.0027760281283557603,0.338090703911857,-0.7619842369575329,2.17852179979671,0.44134044526978605
1.0856115494020602,1.4658117320173298,-0.703349669498093,-0.5165095442452751,-0.260214377643345
1.41206832055556,0.24888531373409398,2.27850916935181,1.81026551029421,3.8738393883879603
3.0158003328842207,2.7883077348545897,2.14490721298571,4.554996089242111,2.8344526991239603
0.909419352252261,-0.518369349986196,2.3840112274471097,0.553574543144606,2.4758792566921697
1.43026754276456,0.6723635588294959,2.41174248464201,2.9688275526499104,3.2683700444270296
1.47272133947968,3.12074277640017,0.301481314716903,-0.611531313167981,0.061646593391989
2.7073073267293197,2.4659998613705696,0.35497461217361,2.7118469039718502,1.71656271145987
2.7709867271691,0.533241231808361,3.09915568118671,2.33551086806027,3.99534327652368
3.48804576652699,5.27791418862899,2.5951133463655003,1.5682253241709199,2.15933343667647
4.40760941870199,2.36850862659609,4.790903550539349,4.83223641031464,5.38110741265339
2.40605237937904,2.90406561010571,1.67870373012981,3.98386611137437,1.5293144068184
1.5482145859294598,-0.776971226384622,3.24812624077318,0.23283178159520002,3.2226842247940897
0.34422199978372303,-0.7698133088353529,1.72712903319792,1.5364315411856202,3.76712420890311
4.40511813941931,1.9977242824603798,3.68809187712668,4.70168633659143,4.94752635216319
-0.279227113336962,-0.110822889875855,-0.748456745255762,2.7576851210871696,1.0962458905633001
4.34545363153947,2.81951160707369,5.02234048841418,5.17590060638905,5.95514774600082
3.69550686451678,2.8906126122159796,3.71857223466268,4.76433051188215,5.27533044405179
1.62517516907105,1.12437359298307,1.5628937185674598,3.5532976073223197,4.29094466071977
2.24698616363993,4.83348014584541,1.83403275066369,0.43110769247077896,0.889107574403037
0.729704179814134,1.2805740478861,2.9986418713078202,2.2047158049894904,2.50927118582387
0.499157406600411,0.9362743095328661,-0.12071499942738301,3.35271469424176,1.29055969394825
1.5867521524791002,4.04303288203116,1.1881295999281498,0.0609491102368352,0.34033251064104997
0.9273880425285129,1.0811443702882901,0.0629012019880892,4.2246932602644,2.3441202762012403
-0.084342499565097,0.578000524613701,-0.0159049333009403,3.58195679316044,0.9971139360197858
2.40321793452532,2.20499799274349,2.27893805241212,4.61410211829646,5.45522423064588
1.167070499648,1.5171590306670701,0.75386357662973,4.659515656777151,2.18625068839706
2.9663079874101603,3.4732661188473704,0.391670359972134,1.61043789668943,1.54656477058846
1.16484293924284,2.56317877952508,0.0836135747397257,-0.34383142189746096,-0.179829051686937
2.99704372744209,1.3041378455462,3.74820746051234,4.22276515409641,3.84061189294827
1.6294665646851298,1.78128802253452,2.90617093145967,3.9455942100538,4.529277996777219
1.83569913098402,3.25588345373981,0.552012374828479,0.0931807979791108,0.57514622017245
2.41420581805453,3.8166190353143103,0.787255778918672,1.22426702876406,1.41242041661861
0.684460193641105,3.6198487411480404,0.6206687368441939,-1.59800755449094,-0.445643572711715
3.1811646184956603,0.6883850037897778,3.79388651495575,2.99182624121473,4.34184333090259
2.16764566638337,0.846504649832851,3.00886260451762,2.6315775625849,4.318451989883
2.5535704153306202,0.597737846465683,2.52219706355465,3.5112820327843797,3.81945908917783
3.09439259396918,3.0054494089987402,2.02581808343654,4.78523043812666,2.6798128352334802
0.5021569514011379,0.0289919125889406,0.7291896119982371,3.95195085166573,2.4507693311735497
0.296083730824315,2.56405954855612,0.501436069268003,-0.995572232639097,-0.421671542227715
3.8844162903243196,3.8317533832472197,3.71713208035071,6.45936279503692,3.5041694643791903
0.55371955582222,1.09148374366176,1.07534982507584,4.22135885927237,1.4601949579438098
2.81294835162789,2.34319966794208,1.71298702137173,4.916545288234519,3.02450585165754
2.1353785892716597,2.8050373612968498,0.552728333281931,3.27348413166154,1.19808691958717
1.9823829642174,4.34837638301489,1.41788220746308,0.0212864271508315,0.5893410333120649
-0.721086385275847,-0.503424885435257,-1.05954816368848,1.85161422107852,0.6604587620976899
1.58897465161813,-1.2626021281684099,3.2645466628859503,-0.0463345348084903,2.7162358411530096
2.17281711167599,2.7159871520068104,-0.000227731025080891,0.31066282192655104,0.596739212087202
-0.148913282525451,0.00718341026030545,-1.02550470631054,2.50009873595947,0.768246856318806
0.538558364170697,0.106270528241809,-1.4741104383498502,2.65158843691628,1.6532295838482498
2.1442706005796,4.6692663979866,1.6455255074058102,0.38251585856263304,1.02643600076269
-0.48992670912626096,0.103114607511297,-0.839984315523954,0.6117814365252049,-0.7186033214708599
4.8755092438625995,0.656950879607614,4.256353595948251,3.50521013708133,5.504714131573159
1.4413708042153999,4.55275273236633,1.1987359372704098,-0.318109061193277,0.22956639099041898
3.04513657533203,3.99964794291103,0.8581727420130749,1.11010532572938,1.14174759185586
1.65806268395216,0.137303971025946,2.92174905635946,2.7256664381602596,4.5381677366939
0.775708117127415,1.63043775476911,-0.157960251459837,2.57874415407771,0.5588490337441829
1.92398559938122,-0.297812480493669,2.8752403059488203,2.81250076267013,4.9928324446359404
1.2401744664288301,0.897412845306544,-0.37984923782834606,3.16068572552185,2.06609031390485
1.6958596110544601,1.64804640049953,1.7849361102336498,5.468428884631019,3.0305373140514904
-0.783571383416692,-1.4225496384731697,-1.4865845267297801,2.14777620556091,1.96167612087103
4.36272963902963,5.55303938049972,2.598230077145,1.6328689109400099,2.4982599936741803
3.85290609824916,5.88560752908386,3.11724497155729,1.68901241617821,2.50507491685705
5.46802300167754,3.12692767761606,4.44252431151507,6.3992407693584505,7.03885300640445
2.26378801860509,2.48076930446688,1.59644924576989,4.31598465681014,1.83080169370775
0.92003132957801,1.1805147709022101,0.6378554547473311,4.67098650356103,2.26270656313623
1.3750464664431998,1.60063543073262,0.0015680531453362,2.58643902631917,1.12578650818265
3.48693899134681,7.16170537589591,3.99505246246804,1.16117846323626,2.47282065069702
2.16039937496382,1.6029073509462601,1.33524928668994,4.01731509545319,4.47639756357379
2.6896535795367793,0.501248968471677,3.05772173254483,3.39290230513673,3.96968531385842
2.51402630642015,-0.23161557094181198,2.2626195354153,3.11672189486418,3.98644850118208
0.7968486040924772,-0.5353249094889799,2.09006719856449,0.55577551767335,2.6212811682545
1.5140904449188402,1.64757945203764,0.700635042964335,3.2805260680876,1.4818780517327
2.7476057703042995,2.95507124072135,5.2587981029085,4.67149482173616,4.830434529696809
2.12131806852387,1.83437533518081,0.14571580410551702,3.54541675324776,2.52532578789895
3.13037516282308,2.96853892292685,0.9709851683727421,2.2949003423552403,1.8349640886622598
3.92656734659347,6.5457103710938505,2.49934757061007,1.07816666161824,1.73516543020375
2.2227956259911297,2.4173568018359397,1.16994336923225,4.60242770293428,2.02762403012671
3.00536878727221,0.9049679481315671,3.56419824772146,3.0167535456389203,5.287765295314241
3.00965157541413,3.32680881215318,1.96427603358136,3.06106903272511,1.31309750223575
0.36991596244515396,0.3721825392516939,-0.215880857028268,3.72862459050858,1.8357209847196103
1.8879650397942502,2.15721484602245,-0.7459518007062329,0.600906142540408,0.363585434812725
2.37375518016216,1.80661362112919,3.1545510495540396,3.3609899572128796,4.0284079894082705
3.3222003160159397,5.40310863012916,2.11668558890766,1.61543090297124,1.8381865700926499
5.81631056322386,7.77382064688996,4.62202131606549,4.031882371255009,4.10005636320849
3.23804294776242,4.5938853790428205,1.8678623257441003,1.3754435402505902,1.5307602541079097
-0.23028257586879297,-0.324616912179368,-0.827482692031019,1.5194204656483201,0.5665385701335091
3.88739824386887,0.493912643314975,2.4977412506558903,4.107298600661379,5.80549995766661
3.13518262591847,0.7349622901491941,4.792821149369559,2.6893995657870797,3.83134817872427
1.27375416300338,1.3429793708584,2.72855725186402,3.71273399733847,3.24368253590177
1.67736580960784,2.0935175843519,3.17097598526192,2.60910614476279,2.9076700939838
1.47667941061645,1.2715286410681699,0.103190956641547,4.86418362487929,2.88795951954058
1.09638181194443,1.25204195245399,1.8787691281091599,2.5667727022677402,4.826458523922
0.0490804954992592,0.86328772329144,0.02123692952097,3.00939721836773,0.40626059404487697
1.7340115566723302,1.03811698650172,-0.285379153350865,2.9633383830692597,2.74979695488494
3.72273674618517,3.30541452658858,4.1652024968263195,5.72291930510793,5.839425656064839
4.396195668862431,2.4809011955578,5.0696797927594694,5.62475438068423,6.747286606083
2.18883215594498,4.41284598593022,1.4449190151971998,0.9505319215492021,1.0999514983833798
3.39766127588535,4.1421104118610295,1.7720415578204598,1.75455855984614,1.87008162142646
1.223741451833,0.7334420567028609,2.39695862244317,2.4809332530672203,3.97870309299236
3.85839153105771,1.66844738937022,4.575317014815139,4.1946761741554,6.660227681448901
-0.675909102067707,-0.681685326458851,-0.76632746876073,3.5800645210485,1.62137703606142
2.53874841337406,2.63741957489334,0.49300405977073297,1.39263383766631,1.35232961116992
0.9304060248915079,1.17140158377745,-0.4847033330958161,2.05618410624699,0.7137013004481558
3.3160116624314098,4.7119248556105795,1.23225740046216,0.8794034040583009,1.3499263845214
3.5292072974499704,5.419666660876441,2.06725896695351,1.92083966477294,2.15189634631443
-0.5876756170730579,-0.9692135899186559,-0.503755099786338,2.13091597841247,1.07945627426751
3.0424192351869204,5.1110456736620895,2.57190476706243,1.0966718393461998,1.7221069388318202
3.1522620747708303,2.36868613945725,3.69867267698563,3.95217746889937,4.92382945903466
0.38732086375593894,0.6297308830101529,1.80928033055706,1.8791343716675601,2.75039186355417
0.40984589812329203,0.293313279952413,-0.6336438882087879,2.21772072038112,1.30359181748723
0.760614292093525,2.56643046673684,-0.0900260581300207,-0.8133651660154692,-0.251058139423325
0.747995967978448,1.49643697051911,2.0441087234078603,2.65710108483568,2.81707495936949
2.7850939256887104,4.542179847963009,2.10082763743337,1.3278719697032602,1.5656740058554097
2.7296474213072206,5.198062609864509,2.0846413875016903,0.16737395193001903,1.5377511051675299
3.82140488939053,1.63362465516011,5.80206353792183,3.80913250229397,5.0720805333236
3.5270046984900003,0.462880583979211,3.2805969984475696,4.0751747158887595,5.1019198483409
1.60899527826696,1.97931282620512,1.02802544684588,3.9618226933718104,1.4780263587419098
3.0499208156782003,5.66375486793371,3.1567240473397704,1.31069163770127,2.2187561721029403
4.272993164521029,7.07525788203895,3.45985404281591,1.6456823017534,2.27408426922351
2.7143995489542,4.32234252197549,1.31243186564096,1.09181455192229,1.24397992914615
1.46369113489753,4.0418297843778195,1.56129252889699,0.181188317347695,0.7705727659420251
2.0295727147417097,0.919077325322195,3.9781332376494,2.62875756581886,4.7547849487644696
5.215177331739441,1.88289035736559,4.80324740224317,5.762121470817879,6.1854618200711
1.7399580468234301,1.51876998010899,-0.0315520074249921,2.8872702412701403,1.82839609621751
1.39687745355721,1.43059011306318,1.62558717532184,4.52945298709681,2.23454945703758
2.3297286579390097,2.2244733881854906,1.54372734113991,3.6470023772918396,1.93422245326386
2.31321044676861,1.4817272069968601,3.5011842676861,3.5478163804462004,4.3152540370551495
0.7518820723829691,0.8872200500344091,1.0567910454723801,4.789415696900099,2.12437415721839
0.84158520247791,1.6222728505836999,0.526446358473053,2.8685703786933,0.5640037359543559
2.6696808432901498,4.32331486897268,1.41695443728361,0.973181662712389,1.4491274065805502
2.2192600753177203,2.1642157442857797,1.70072893014797,5.15362268627391,2.6008771987172
5.31001528390643,2.8553367956708597,5.1056631655527305,6.159903381801,6.7437646004527805
3.48739669796897,4.0576683800095,1.6980871459323899,2.1737068036687903,2.32837697725781
0.271840359503896,0.198016789959073,-0.7287732125450508,1.28129110045298,0.569204152565379
1.84802524273712,1.85278902974206,0.8138989906114,3.04811944213803,1.4417896255734501
1.55577991839548,2.04544884922634,1.1314598569141798,4.2774411899833105,1.84993554411799
4.4304282753375395,4.56281678251822,1.8735241049170301,2.14158688036506,2.6003195144719102
1.43590046480212,1.6522554206984499,1.18932901487846,3.3640062976228196,1.75714547282893
2.0716879485727397,0.9133384810704801,3.26133420277237,2.7890443574184705,3.63558499153262
1.95616445406454,1.38514773098094,3.22029492752054,2.4928401577898796,3.49099269546538
5.24502674113725,2.52162902722254,2.6822999279313398,7.447189834710819,6.26304342159058
0.238464562166461,-0.0303756305209357,1.31687258290584,1.24127816319611,2.2038129368295403
2.7642351194197596,4.64781419324824,2.19281407435297,0.8934437652285259,1.6632188371157302
1.1452381672888101,2.3409674229952797,-0.124316997374838,-0.489838553409933,-0.21440322596528696
2.73235558482241,0.9095019549099641,3.96748310327057,2.78213605449412,3.70630483431479
1.6028800143155801,1.77716223573042,0.737044042690925,2.9133426461696406,1.3480407503654
3.29715915733414,0.7529454157589699,3.59816614313308,2.08658210504954,4.21419152505164
0.51577084359007,3.31097636070426,0.974158170694409,-1.14290293433288,-0.303926115428402
2.14385071429736,2.66166393803661,0.10020907491994802,2.74853056310624,0.9479329627796701
0.7595483373679641,1.28356530598769,-0.28033639078131894,3.7315609778587002,1.19281697223491
1.2771754522541399,1.97289087357568,2.36982170244257,3.48157995031726,3.2240765819936605
2.47911070656379,2.27828730069179,3.4888087676570803,3.7897152250039907,3.35220760876647
3.9117685890384104,5.456204938286249,3.50899765828349,2.47692574227133,3.2418982371449
3.1479098565012205,5.2598990238536,2.17593822172246,0.967125620350751,1.75346499847248
3.49772452998571,2.13385308782617,2.83966679289037,5.635681033432999,5.6964661537981796
2.0687597962516104,2.80197448461524,1.30205671692328,4.62177721351826,1.80728734206249
1.97049698993347,2.09393607887976,2.15143877308462,6.474848275123009,3.2765706670192003
1.26158822890698,1.91429520116478,2.31552973871054,5.872735488994651,2.27115123853906
0.35408957323314005,1.62096759816513,1.17724209784996,2.99258970495079,-0.0729320259470998
2.42226673336884,2.17321441702604,3.39042244666551,4.0386113500133,3.92225535871269
-0.8128812148295179,-0.7645317328774449,-1.55568211384408,1.42205924100734,0.63199753758928
2.53255921396596,1.29954660400182,2.12757285047677,3.88516778926948,3.60425106092904
4.32500676403875,6.29009281966694,3.24715971885916,1.93733692587156,2.91073816095408
2.57799799570547,3.9193887322719902,0.917059324255552,0.7856028033815509,0.844732612782815
0.216080186304841,-0.161400008168987,-1.21848589204146,1.91874583832121,1.0938225315557801
2.00326737245355,4.2493269538286205,0.8026451045084209,0.5865089447950219,0.7810569052251869
0.824084619899225,0.7371514305525481,-1.08459296363458,2.21338867959994,1.16602401761826
0.45107557844341295,0.615293932708881,0.41665401210588,3.1576139839665003,1.0969164778283
2.353627325193,4.27097528065032,1.60586929773828,0.0865273125791187,1.1683819690208301
0.6310676918069571,1.52154444446517,0.6571110333889211,3.4249504400357402,0.752285924282606
1.97639181493878,1.36013027208007,2.7441795156540696,4.18743520156196,5.410852655770099
2.84870620137959,3.44583511137052,1.4691891756608502,3.54007441646234,1.34997445941817
1.04790495310282,0.8414306142327941,-0.129603025619602,3.0311000796737795,1.81323943732538
1.55578098144494,4.02744911849133,1.23008500428607,-0.503701004712401,0.326078408538354
0.9214774437806159,1.2902555489223702,0.0990814887339814,3.7826077597292,1.2998249229056398
2.6596927077176202,1.2158933615951297,4.14312713600789,2.77939293668525,4.78577031248697
1.15466780022328,1.0679094457934,3.1320453935963197,2.51396022375856,2.64572106522588
-0.29611633065151194,-1.7721825159157198,1.2837938970257698,-0.7128636658953759,1.8248684946808897
3.78695476732158,0.7137181887908021,5.23357446151351,3.87426086992221,5.603359412323099
2.69723578826889,3.3059521458098198,0.567976836096305,0.7641341018221469,1.08759611521259
1.0882011100217501,1.4883467311096699,0.124173696493746,4.608040860459861,1.80348559536458
2.49050967470279,0.8384032398678671,3.5809746581087203,2.6517884039157202,4.02546101077339
1.7278679007063502,2.9992165647426097,0.40410654203693896,0.23606130473054301,0.291306769312926
2.23240353839339,3.93766071169202,0.593606466157677,-0.271616055463983,0.579469895727888
4.53133026285592,0.334321739437144,4.22575945817469,4.27758980007909,5.34461590247123
1.68407427009105,3.6770885489132406,1.20616794302773,-0.154906568676553,0.600762938642681
1.0759784722729,1.01515810680276,2.68535472675499,2.9798057578410297,2.68518753289818
2.86297311252829,5.01961595376259,1.8339632425555301,0.630709478781723,1.302637878261
2.7163246946512998,2.0339981312557303,2.84768894123641,4.89355294417793,5.596038604445571
-0.7390044827074929,-0.345013724548043,-1.26865939022181,3.9448291022272404,1.5503258763352998
1.20078239908069,1.50113606175566,1.49154822451376,4.73408576917794,1.74666225521698
2.86313085393012,1.1275465569228702,3.59610626628822,3.79551496304665,4.5630522644478795
3.2475087377377005,4.49547511915698,1.5882990294281,1.017329809263,1.71582514818243
1.05824703074707,2.1226368528478603,2.98902570123595,2.67103916810562,2.6742593709086098
0.398349173988535,1.0390325645254,0.226643149806738,2.1585392096933402,0.11052450104419198
0.14647883572915602,-0.72195819592827,2.48391990199883,0.42797171176025206,1.64282883668121
2.5786213115059904,5.021452678249389,1.4848359958025,-0.14080894994645599,0.777845436722426
1.84753970932229,2.72734162511805,1.35384427630626,3.69399128427401,1.38693702758849
2.46583449633131,4.07663310372584,1.38124601889882,0.870787630772691,0.8686366543909971
3.0674787510780095,0.965397791477385,3.38911810386431,3.4355613383479904,4.9377387592425706
2.77858456002799,4.094663892912839,1.97955145918581,1.6581355398944,1.97983633485781
0.27422293719302804,-0.15971624751963098,2.1708554092172303,1.12062043391928,2.6159409067851604
2.80008925442002,4.37406712097874,1.59896635240261,1.17946540264054,1.51574387932171
3.48706134917538,2.28499509293637,3.3639362815132703,5.97347987025172,5.24751065459746
1.59824945726908,1.18112722608542,2.0452930069940902,3.4205755452512596,3.37327273148146
1.43134248428074,1.67047034055446,2.53518700766518,3.02515951654675,3.49671463943161
0.740485571316067,0.825537547054389,-1.1295240568343898,2.39890330339881,1.26581905490707
3.27213617318214,3.89512429441963,1.03227949005772,0.387120668838277,1.08816304469599
5.034761048753039,5.6316053080799495,2.38081152358942,2.84712418472427,3.1469518408799497
2.5488576289106297,0.6887569762162989,2.51111084082602,3.08372136329385,4.0343423258951905
1.60553732015614,2.2617132538377795,-0.471697578023039,-0.38916415449128294,-0.116212173211844
0.8876945198989029,2.10912150597968,-0.26863466483522697,-0.9304855311702172,-0.46948011689810204
1.76886871992719,1.44207107003035,1.13588059475376,5.08543323577933,2.81364169551313
1.92548291468579,-0.0196905808415262,1.98107938493734,2.50905246264982,4.61015325141166
1.05937963460916,2.02716802105099,0.18033999558885197,4.34148785600489,0.9784905517702199
2.8764654107025405,1.35121123383211,3.8435613029347797,3.23601624074243,5.18835668704324
3.2228932938120196,6.39839761239644,4.07695060199236,2.0132379698268,2.70915352545147
3.9129375209445,5.76534260416572,2.5044950289202204,1.47428076086916,2.24148131692878
2.72759128265595,1.55032119449002,3.3354449255511005,3.47569988790713,3.78237934596415
0.283515691829014,0.597939963442008,-0.36701790226422704,2.6519053159119,0.69939312599299
5.12878479563816,2.18606518612244,4.58933894816317,5.12468703868353,6.52939229473696
0.00976815643029383,0.153577740714684,-1.7596150717917298,2.4653197150192203,1.04246618464803
1.5322262874828,-1.1041859719938798,3.3494715181989996,0.40148555077528403,3.68817904807773
4.14397041413371,1.8266906040456101,4.9589091783795896,4.37097878809223,5.83361970153142
2.24284466652226,2.62005885683091,-0.342253277674622,0.8956367970556139,0.6000059972687629
1.68946520900389,2.21018397892337,1.74894553789958,4.00794964101885,1.57138855163293
2.25635414487795,5.56611527181274,2.35509008635572,0.41935102104924893,0.81976983059881
0.48068637575755896,0.662166915460769,-0.640769426630956,3.30881830695059,1.2649450709668
2.5116524979262405,4.8161265290022,1.8185920055858702,0.22634353310704802,0.9948443225212871
2.4932107236389,3.89435127952322,1.61678738303445,1.33716067780282,1.4818377518382702
2.11084491394302,2.3783581333858703,2.22855306060886,4.75948936564227,2.1249420931476397
2.71522960818874,2.70119824363941,3.04726966976493,4.84950758513952,3.0513985022802697
2.34557753797065,3.27054207229867,0.70761554297601,0.946282146374799,1.1059789199225702
4.87557703727996,6.189600155005139,3.06365267714748,3.33131306858342,3.4081913248578704
4.52628625216132,0.719598995200769,4.59649926379843,4.0976217124995,6.09103088736137
0.16000273085793498,2.94905664562154,0.376713939359818,-0.852260007269121,-0.35442607195978204
3.59292444821576,4.57036998979654,2.1713611558960197,2.4196934209777297,2.7298866949753
4.89134383628951,7.45099250977055,3.28854390682667,2.30063614593558,2.9100390598512598
1.41944513168129,1.77175583457329,0.749448985047179,3.96988404317379,1.29910622809846
1.21253312881925,2.0763331852021,0.6485841637138421,3.2690311809108197,0.850272806660708
1.63825812710069,1.68866144394859,3.02631002871922,4.07825183357189,2.94956264949718
0.8376054576540409,1.32973969192102,-0.443271088253386,3.42977645269513,1.4594320725066998
4.0978359060269,4.9291649260196,1.39654885709945,1.3984536889397499,1.9349225829108603
0.43848796004075297,0.284514380130437,0.280555747051519,2.0675982030453204,1.30212893959577
4.12160895222036,2.5975237815677,3.6358679786739905,5.4062833164305495,5.31764992716606
5.34947479924008,0.752022871013332,5.2331743535797,5.12626269010795,7.13306181707608
1.34635313685932,1.3228655704340502,-1.04028440793465,1.29834787675829,0.768935169714315
2.19879108211217,0.8539890118729,2.86264415751966,1.9922125378853102,3.63238164186463
2.1119603112086103,0.491552964075882,4.67211624475695,1.8442047880395502,3.9597152549404
3.14148001268862,3.67035821109766,2.54116240444462,4.1629008739673194,1.5101140020158703
-0.184166175231295,1.82458792263929,-0.55991017330568,-1.5275544252078102,-1.0502332556826
2.27425074030179,3.4797130098233504,1.44960079730055,0.329193119842252,1.2567489054357
3.2360891159395897,2.28821566290894,4.20007503172763,4.6361783763207,5.23690729764771
2.5029505780104198,3.3161423158165197,1.8479568486901399,4.18931304568226,1.39633416317595
0.20603706559748397,-0.701992350061324,2.97205157109007,-0.47090238649956395,2.30556623811473
3.9002299430814302,6.16009721311083,3.2681000691392796,2.04249738621351,2.75068695886746
2.73642651135413,0.904588377964407,2.97795185238339,3.61168165923572,3.89338657983414
2.59532367138141,2.41418951187425,1.4410515768316798,4.53092120208867,2.93481183711591
2.54776192630246,0.14500770798444398,3.42663981776379,2.86872635724316,4.244348751122629
0.8879375620928811,1.06504294941535,-0.23012345940562196,3.4455421546933698,1.3893995456830202
-0.21731698574781796,0.19713194482182197,0.777068683018804,3.79398430697769,1.12386309418084
0.6259742483329329,0.9492436398425259,-0.17990696973319,1.5020549857838703,0.40368167111864
2.08395247511904,1.70121284140463,2.5392577037399597,3.39168482391759,3.8116997864184703
2.38005757737321,0.586652417475912,4.276613894377411,2.35210470917895,4.05484733721862
1.53504257026726,2.99112037882469,0.743633524335638,-0.0192757205532705,0.5528365913253579
4.5786643591279805,0.9611301611288409,5.04462521407896,3.70060093923252,6.44877301559723
0.175623174853491,1.25223981811302,-0.639340909426669,3.0160659768786604,0.340567963482022
1.44997531705212,1.7039290091372,-0.753523355145763,2.8786249429268698,1.24440797759508
1.7177776791421002,2.23064043580304,1.40131810031196,3.82594796471931,1.08187769984111
0.7586827313750569,0.660308807525294,-1.1691810735642099,1.92297440409235,1.3259646043883402
1.5716934128953002,-0.10530852936791099,2.9406395761183397,1.7579673352612,2.8104653714636805
3.914596821416,6.40366773256717,2.45237570478784,1.2573010762910901,2.2710070214227702
4.29985119475146,1.18681542542377,3.60546952698977,4.78296166273798,6.46118458355931
2.0515270170430497,2.2341281666560198,0.902366906670823,4.26298345281184,1.8695508657093602
1.59895546984024,1.66336381165842,2.3326000899886403,2.92355785907902,2.79135195423043
-0.155167784600797,-0.838074008798663,-0.806878848550895,3.12902647513596,2.32623271000537
3.24196047403071,5.389523826522889,2.4935734363072597,1.5071188494623997,1.9270380365217599
2.32362711355628,-0.498067944610642,3.89520208346742,1.21855953746191,4.49680875728545
0.49951354897091704,0.72504568275651,0.8675091948246808,3.8875887030607004,1.55386549676989
1.67083501079676,3.3750566930163504,0.7465315953537099,-0.583234717498648,0.139118454783483
2.2832743935923396,1.8465328717555702,0.6360731857167049,4.22238001624766,2.6956030073309303
1.88840624326453,1.0773129232396998,1.35128250132951,4.427196026345951,4.42527429773654
2.9368598380105,1.99853281980853,3.12100027152882,4.39410509555605,4.45212806804918
2.47583965123588,2.9724436287188705,0.14033212149768398,1.87931686625654,0.507454419438546
1.3996467881691297,2.4610916200315,0.25542717571138,0.0425613861168984,0.306963536005177
2.5171990745229302,5.39633091625734,2.5525625007994597,0.156840511724822,1.46373397080053
-0.7585667467715139,-0.7796649655653579,-1.50440806875541,2.66561181844868,1.26667173914003
-0.153032232158764,0.295559566491586,-0.563883907897178,1.56822693147225,-0.0528857710463
1.77763174596573,4.7177055922824005,1.24760628438105,-0.47385662651068206,0.48059186196605896
0.496558808253166,3.1256916537686403,1.53899030065377,-0.127797247667712,0.39304338149751594
1.1900019206036299,2.15392770858255,1.94234303772613,4.33461775495681,1.11638560142369
3.7673234769468498,1.7169013731848999,4.24086966530073,4.34545475809793,5.46601640089859
-0.137257237511086,0.10534694515581,-1.3375151352298602,0.868810687827885,0.23106380839669102
2.45653739115522,4.68551891444596,1.6351130665496298,0.261382305906552,1.23154364275732
2.5844357494177004,0.444785815465083,3.44193809959435,3.66123238175714,4.4467389684360095
3.1874277832227498,5.1711891193120305,2.51441213489697,1.04433716679176,1.7959314697581101
4.2706267353691,6.09540116171882,2.99528818804071,2.1357125000514703,2.63398738019242
-0.168411911198662,-1.37059819879066,1.54963270828692,-0.33249106908848497,3.40626031888111
1.75950221088815,0.183773158750774,3.16738571690638,2.50136146630558,3.41183441776115
2.12766887026519,2.67378387761002,-0.014277719297071998,1.16937160926047,0.755303244747614
2.98515005150217,4.844613745677719,2.2733042439212,1.98544994952142,1.8722552256447602
0.349895200512774,0.989016898054499,0.239411430455303,2.1989512774752598,-0.0854079591850248
3.1084646301763796,4.96333704109142,2.06213757255791,1.2680505665501598,1.6659227119757598
5.06739007135208,6.362975443335639,3.4180730082686503,2.3055163471028797,3.34077721226653
1.75780363698488,1.23511850770864,2.7707274954241603,2.13055941071474,2.85871947872599
3.4941873201330202,0.9928588269803649,4.04612250851668,4.34164134817311,5.564017594111349
3.32097429890706,4.825554330452991,1.7906760344197699,1.64996151609044,1.90039651914487
1.12491353695265,1.1961220533594699,2.21081461289083,2.8734313857398797,3.13570832080923
1.4012349943613798,4.4733660500637695,1.3138771283114399,-0.653520899664717,0.18847942457333497
2.40538172904149,3.12676184057255,0.546612926368679,1.07783527586546,1.27049643629368
0.7524527208960301,0.373885256949659,1.46937304207866,2.1686298182766204,3.1222498600536697
-0.5421624215192721,-0.28049062676880104,-0.14357524812681,3.9322984410924797,1.272487926852
0.9250923548627579,1.12652040905357,-0.459642128822214,2.97437042621758,1.10801587940375
0.8380314103903951,1.08449896882881,0.347156835148703,2.7949996441069596,0.9495714490506451
1.07031464780758,1.2621683353112,0.14303855099794502,2.93200687626688,1.47498788382311
1.60662457500219,1.6388840137098402,1.38515275503562,4.83724075143127,2.60349902869092
2.02893396099592,4.4289599515465,1.11589424945352,-0.659988334805656,0.450426908420121
-0.39278230333011405,-0.128861074752156,-0.31344869804497805,3.60732395890736,1.31408110341371
2.79272923919761,5.7940644284998895,2.40417376778414,0.24516347531752802,1.3406406572622
4.0885639871632895,0.7543306292007859,3.7740470265720405,4.36560523420663,4.5461347890595905
3.0732971584645896,4.457508476625629,0.900685003512045,0.857882167728112,1.3488884264299097
3.27667686405304,0.49111101430984794,3.30186012420656,2.8832325298153902,3.89747995079365
2.44943243535015,2.2336504320786803,2.39551543592353,4.2789796999836005,2.3643438832442
1.8678260849034198,5.08808868396566,1.1923511544813898,-0.8170827834537071,0.27841780039868397
0.605424214881822,1.02647245870457,0.3532406669004,3.39876449774432,0.94180505094805
1.82325016896351,3.0045685469776298,0.799678993585763,0.734041152219264,0.9408568302980259
1.1366391145647,5.0204768832641395,2.72315628321402,0.20614241413524104,0.926095109766583
2.8635036618690495,0.0474410601989943,4.04810861051023,3.00350306070845,4.86662202738161
2.55725856421583,5.30274872846013,2.5011518511116897,1.29544563352203,1.6129616953753998
3.5911336259161497,1.39393356403321,4.23303179455107,3.46169138710533,4.58629487055899
1.86642477974543,1.0022855776961899,2.9275948579666204,2.41860993372757,3.59920370814358
1.7087477073568702,-0.285065920508016,1.63836296023069,2.47315299834656,3.92422686392071
3.78651693178061,5.10093628465142,1.63029721907794,1.56432522621817,1.93291218853809
3.6792743478010697,2.7355048835092,4.01240164693025,5.175069197606599,5.01376000700124
3.7095276595701003,5.47527348326896,1.77182271430699,1.6186924707685102,1.94258087479992
0.4891333734797961,0.309579791773062,-0.389368490968808,3.35206048558866,1.9630298916218898
1.0560054099987601,1.13269685452162,3.10582194047036,2.1951549568562,4.10832724904795
1.1360494274476203,1.2454214914571398,1.05813134957869,3.2351822347626,1.56472226296429
1.47825288790726,2.9098214540599705,1.11265628214537,0.195017655975915,0.599939006123736
1.18634297808542,1.3595244884006399,-1.4772855002299499,2.65437259881057,1.01908874047104
-0.46072339654843303,0.0229179487092708,0.101414346084883,4.33487139159119,1.4347596680808703
-0.0985087376869966,0.8345353340906109,2.69477327793794,1.8859174286248401,2.86577078214
4.13918262445576,2.21556326084844,4.13026290461897,5.101287569093599,4.898010603733111
3.0549058138784395,4.4340849698276505,1.01796192640176,1.05351764068579,1.2231970993444699
0.518890847306681,1.14404089632645,-0.431413726523693,2.83544733906879,0.9192772296213649
1.8819023105788601,1.92247661789325,0.81208364517391,3.4969310215862,1.7097492795657199
6.02224288943797,3.27817840144907,5.224284964341111,7.0472045102726195,6.20651733338501
0.34281638975823997,0.8944401448342351,-0.411418338768617,3.7094664107810096,1.2222708195243601
1.2770172391498797,0.9559539964683279,0.43774536085131505,2.7760678347198,2.01466433142354
1.72832696711391,2.85809805896449,0.45355096525027705,0.296452216200178,0.41781230143019804
1.6302194568719,0.682541760850711,2.91854066903086,1.89339085246093,3.9110695333489502
3.1092334375738195,2.8106916493094505,1.3333234050946698,3.36898055889291,2.43903190930079
2.28487892476001,1.5528033006451,1.0054267109925799,2.9798568290167404,2.63381625267178
1.24919730379077,-0.13770144626793,2.5314638859720002,1.43905521095691,3.09032423483954
-0.24636917520866602,0.11880518595604599,1.59241778745758,1.58899322048745,1.8772624949101897
4.25805521882742,2.4803068163634,3.7357453604335897,5.390070844251831,4.83811369055205
1.00368596022569,1.45235547335061,2.2874241001945497,2.8506681734574904,3.41765760910238
3.1320296559040295,-0.124246648236534,4.06785953836035,3.66616707698327,5.00623517551659
0.977859247399351,3.92775434948481,0.727343239963418,-1.43710282286498,-0.566074077443467
1.9412252576682498,3.69504958013644,1.07709896805525,-0.125182953597681,0.576203854743813
2.54036403313142,-0.0159805063753249,2.35552509662995,2.9182988182674996,4.31106438184261
5.102787305051219,6.041372489316441,2.79200574134118,3.42196612464601,3.3900225104326998
0.421933516434733,0.3482937086475769,-0.13281849935652199,2.8179372498274704,1.1917261051288899
2.34403542787339,2.9611564557203103,0.0824570003480725,0.577930067508991,0.6553154322713071
1.6554388887619702,2.68852973557843,2.10314550581308,4.26526743820557,1.1657119883695601
3.24545095375946,3.39571360923477,1.90461036722275,3.78417981009047,2.17913037615347
3.7930927437241,4.438133581939691,1.97521059154127,1.6325711352675198,2.09131064643719
4.86710516661798,0.628442730961037,3.21552163773975,5.2988624359011505,6.463947216053
1.11062755438928,1.60788192939354,0.620952020799788,2.46519670174936,0.670562118102927
2.96485119329233,1.28863962520474,2.32275767531587,4.32182611396184,4.447265916571951
2.0309217240809097,2.57468456037158,1.00219338474057,4.28501890827414,1.5060680490019098
-0.8430627404485049,0.147898186466899,-1.65506733492142,1.25604914183154,-0.9198943788007
2.6030243743600803,1.3787688871353,3.73029714996553,2.8778443268439102,4.680465220349401
1.30428795429309,1.1670456102726101,2.7713566570407404,2.4675931166227403,3.1563952889941
0.00298345304538983,0.346972364158553,-0.774905244051621,1.36550432608745,0.47601682884365404
0.8813730670913928,1.07680205468944,1.31923969995889,3.4019778310814903,2.49493530878955
1.6329940726556,3.33491122644775,0.560075871779353,-0.14386310788943102,0.426252867535076
3.8705655204419904,6.1230714550875796,3.06397343270392,1.8267842909683703,2.7128127156899797
2.7477329206517,4.829668952120981,2.10275395574017,0.287889649413409,1.5057756569792
2.02808358329109,5.207212092178191,1.06935428681228,-0.5182128749188629,0.23803218817994895
2.94163039907286,3.5240401418912,0.437957336061437,1.21613466372026,1.24627575317693
1.3437624687203202,-0.14083120190284099,2.4678387685031202,2.06029099595363,2.60167310638307
1.71296362824489,3.3082772194325503,-0.17665035942368698,-0.075824432841284,0.0692138854178237
2.4809605920255695,1.67748191127621,3.35897500192529,3.1768388509205003,4.71897984180401
4.47225677781222,1.65143509513661,4.86791775436564,4.889120802649651,5.32735349436759
1.30513491182299,1.6161850118495402,-0.273140056665993,1.6004080200627802,0.7222687034425419
2.56557303197257,3.21912283350363,2.65884801162474,5.379576086407879,2.12105408943117
3.1262296315594305,5.515263812124799,2.29939578653493,0.783698329327103,1.8272951387496998
2.54662993847015,2.86219042984357,2.1967381664073,6.03907215605197,2.8681474392940096
2.40375449639787,2.8141841294758905,1.65360914383321,5.641097512111889,2.5784872898517204
2.61462866507218,3.5626564282304503,0.49173173396045605,0.0134513264472008,0.918681913964083
4.99522790923107,2.4472524634907797,3.55778182612258,6.32898784557014,6.929237089420201
3.66815115528803,3.8517170357734303,3.53727311156455,6.261042739872449,3.5397343646549904
2.66208325539751,2.3168657449987595,2.8071257862926298,5.15571208175695,5.1967069066018095
4.31607758949539,5.25947424763453,2.49698914869989,2.6378344422691,2.9341417749287997
2.10413417454136,2.22995632560829,1.7505682855473799,4.30696891310253,2.25526699436968
3.4264264672750198,0.8717976041266959,3.06791718790322,4.30049347677524,5.67193512274143
1.5611819054221898,-0.21229788796000398,3.59657832240371,1.71090367705854,4.28084389476794
3.64314035914024,6.51577768002692,3.76490813035667,2.29491465786036,2.5305319796204904
2.07919362908983,1.6312778512177601,3.51053970058168,3.79357288294052,2.8554932565025597
1.32541192487007,0.23541203173401198,2.19879604943717,2.0193958625892203,3.73349863680638
0.48360687092707,-0.47333066626532705,2.22410617383744,1.26899432673132,2.67181432310948
2.1497350557662602,2.52212966000264,1.21318589863139,4.97095694180443,2.42609015502492
0.149911195906984,-0.35667204263548097,-1.12834644334232,3.4427405669465094,2.2375720539705197
2.03785642697084,3.3860286519300495,0.8399111667595419,0.770677076809797,0.849162639763353
3.9944300453827797,1.0686439314151999,3.1795119651443193,5.05211796494502,4.602561205063361
2.2745974214368303,4.503826788513201,1.4895429241351799,0.152071795848496,0.846453529805388
3.31814434586241,6.66937717703622,3.3822333553513504,1.22622221696652,2.1807349613568
1.61023505409551,0.0136584133730608,3.21147282433006,1.36428128398916,3.0826607359129197
-0.6482616357881109,-0.5260156004399771,0.28197854237221504,3.20575437454387,0.9906366012545079
1.5983943903533102,1.98334862085379,0.80605232312581,2.7019293867477,1.07177276129138
0.00285448169458902,0.143770714677056,-1.2809138103155802,1.85428082339837,0.568346673915469
1.39428125916134,-0.8656597187636371,1.75546636222529,1.0959518398366999,4.24541910140617
3.1141578855567,5.7230617373271,2.24800963599606,0.8199254671910341,1.58139947434272
3.96601487570849,3.90655491052087,1.07852664289047,2.73784785645568,2.1899643694454802
3.3296023759245097,3.42150346149899,2.38397686883452,3.97175779221911,2.4533626249906604
0.720125066348405,1.03821756940939,2.49774152507499,1.41170726970622,2.58995574005796
1.97677832100519,4.2765793841846405,1.69524221193986,0.137792913189323,0.997438255227292
2.7103952723903797,2.5308019558645003,0.525611417627753,3.266184628074,2.01861482684591
2.15249227111851,1.63078298569161,2.4163176923775898,3.4954789574677,4.04925705544049
1.35540219950167,3.62752585717724,0.220570276631133,-0.892632418269653,-0.291673542192203
2.6531278816386097,2.3132835774681,0.384284583997861,2.69701319473664,1.8010932547241203
1.7812582730054798,2.51135781401222,0.704010134104735,3.28300599757573,1.15837859230786
2.04451474183668,-0.278449914388897,3.50332211972676,1.4029207423349699,4.104002859867871
2.83340187389627,3.36683756252819,0.8241819873913449,1.15352952120391,1.5186424416768798
1.8931378547686002,2.6399699601168103,0.18121516205914398,3.00508851428672,0.9154024947442141
-0.32704219892317893,-0.7267199408660581,0.26216266099811303,3.7985315361404597,2.02685778682202
1.41480722510342,2.06076487329299,3.0391070171979098,2.9258187196136802,3.5524283725437797
1.0032153890305,1.2306732687553898,-0.783627468430646,1.8204060418159198,0.779394539470101
2.28408216349175,5.83833322227664,2.3347599715990497,0.37452607792829706,1.07845868248137
2.19963722332145,3.9461821248858304,1.5469789678792398,1.23164358724674,1.1166468705772599
2.58751530826703,2.50276412380618,2.14386193706108,4.25253351143631,2.6227967995930697
1.6079597165169999,1.72461991974555,-0.17273174250212803,3.6560195418947297,1.99913029553468
6.03703480612993,1.33002424485967,6.18310131023335,4.5133795040144005,6.720315926771151
3.3910859406977796,0.0327119092457606,2.8158513293842597,2.74091501122225,4.27952918562338
1.2522720885095402,1.4106550056959501,0.076959927733275,4.29826577563771,1.5481368235149398
3.7396068441892005,3.48145178608754,4.67211105010227,6.64715724704302,3.84735845407602
1.22364111427203,3.0836925612796597,0.491145800027134,-0.46622945411963396,0.11175016128377499
1.9252721788795801,3.15648870010608,1.01961103553571,0.7651843634321679,1.1826964779730902
5.01696597555086,5.9199687603453395,3.06812842776691,3.51828869794063,3.57258543225501
1.55314863633134,1.32566667924334,2.9192093669241603,3.0670186788253795,3.2598038337460897
2.19528530230681,2.9752107437222097,1.86236416463108,3.4896214242308394,1.12055577631321
2.8582883395072596,0.10898127905338499,3.5056657230289,2.51959220573447,4.2494738926235405
1.23650286633381,1.11323377309115,1.27344217144643,4.05347105242951,2.28016522130836
0.7775171088078492,0.46968324596290295,0.758736790924989,3.44470028025114,1.9684088141551102
1.7906294705398702,-0.0689781959583069,3.06900419567371,1.9461735998339298,3.39901870700341
2.14812223360389,0.8137062219031049,2.5167121400028902,3.2073754215125,3.6036189385697996
-0.0222097764282583,0.5954303518765861,-0.560466561118027,2.13937117403212,-0.112779479464858
2.79567448560636,1.25033640947642,3.41248161600785,3.16035539973144,3.67480694182248
4.40341651678472,5.110426075173679,2.2271680382247,2.67646331245797,2.85061348355479
2.58725406776804,2.23188394599021,1.1637355330481,3.76862980302679,2.25078730573284
4.23371568070172,5.84022822125559,3.2512433190281897,2.2241890719086097,2.78766958182876
-2.24178747778103,-1.82167689603425,-2.7576296121783703,0.0700187119689542,-1.1923245492423797
4.08694310401268,1.44168413655749,4.1993243113206695,3.76600562914652,4.996701281651941
5.51263988232836,3.5840931213614398,4.727879561390809,7.02624350829559,6.18677030194193
1.60175345537929,2.6538706255392204,0.276421823453441,0.0882080960476488,0.40077277649624105
-0.2423551640024,-0.259045597958492,-1.93559428336366,0.7811719154019471,0.49388346657071597
4.26121581309324,0.639401161332865,4.48111974022473,3.5862434836527903,5.03489914936687
1.27894753882613,0.9178468923450358,3.68760556596304,2.07618580483736,2.9211459560641098
1.44068071324397,2.84212464350734,-0.13674497337360902,-0.5259090150347521,-0.23473758155981797
4.50973110352838,5.882804534562019,2.7050820347688105,2.69691054850546,2.74701129989698
4.629081981769049,5.95243001765839,3.06740212555202,3.1354673129940296,3.20765285757821
3.57725318180698,5.852289075209599,3.07513543709041,1.1816386548253301,2.14171978405775
-0.225071579100013,0.6520180318740789,-1.01325289589123,2.80793672505996,0.27258884771040304
3.3915539314725,3.75378570334697,1.98706515280829,2.17939814335024,2.19531181753274
0.51801891626833,0.5414014727542991,0.55437304303773,2.87056716624399,3.2921303251660494
2.63693077968164,1.66945417268341,2.9276420489458,4.26142816954562,4.30552012465852
0.8178270271979621,1.11046960632925,0.46069594744502396,3.5430344221159102,1.22491680381026
1.89208952869222,0.0808328432190699,3.63568510028864,1.35486099793179,4.13449761151208
3.3272646906340597,0.917461141801443,3.17520800484773,3.75448407206979,5.36381963122908
1.39141221581913,0.65273456263187,3.6245986172665603,0.43996165176897994,2.57545270162269
2.01456326826267,2.1594182316119297,2.32879431223989,4.602654065522549,2.47090194478161
-0.42001333594316,-0.204189796256516,-1.18951020356312,2.3053833975406097,0.984550225598318
1.4554175880101898,4.26463962499146,1.3198987287876,-0.0691841307671279,0.159037915284379
2.95209564267596,5.6624062267128,3.07562887593068,1.33758752002171,2.28774233917459
0.29124719548040395,-0.8394091051442539,1.09218896995485,0.7812313537617429,2.9636794751058297
0.20758258108170996,0.36758871850708397,-0.20654458782175197,2.2061112036918904,1.02986318180946
2.47172176783305,2.75865105531475,1.62977389658095,5.17240002328688,2.37999161642313
3.8785811164758504,3.83323659718638,1.41295496209933,2.40199833714429,2.3199844072779703
4.34609795946339,2.4595690459956097,4.20436697837033,4.74984078190655,6.26730762058547
0.0643802502693691,-0.356424125944312,2.01774433400907,0.8318036168900171,2.06960290065504
3.1179008659266096,3.91043379585785,0.733731729827494,0.8258189552486491,1.3567207264971701
-0.239767754154821,0.0784993572615826,-1.89342404068738,2.92603781478216,1.1588120374614699
3.1953297994459198,2.61928363659601,2.51422977812769,3.88987599286243,2.917871812028
3.99972920238011,2.91591018757756,5.112166967190969,4.53468110847815,4.4847503021278
3.1358874381650494,5.08546312213807,1.8406941967257602,1.2438700456790501,1.4364077525485
0.8936869510820571,0.4536526791983571,1.90470356678281,2.77533932968207,3.6101623447319002
2.0212206791127802,2.6021449725442003,1.0439417432850402,2.9627140823983598,0.9849104231665992
4.12347424976084,5.72012585206815,2.41745598547929,2.10403932520954,2.44274903018955
2.06832076162706,0.309062040490954,3.6577581564379003,2.0631633962166798,3.87622938313519
2.34390916665087,1.66319416106628,2.2727108516442,4.35287918768425,3.9939006116791402
-0.815021975858105,-0.49961028826592496,-1.6602099961244101,0.758040527171147,-0.21419405869132802
-0.00393630279756563,0.648305224514819,-1.6077322905304,-1.1458084720763502,-1.2002124725835
3.9534719983530597,5.02505294650145,1.7197232947326397,2.47575565768723,2.32503200973856
2.29728402612617,-0.14860413336020098,2.9181194611906403,1.7597021407618099,3.46681564498371
1.41057217866604,1.84733042077066,-1.0174427995855602,1.776877038799,0.848498331157461
2.14336591212572,2.6647671812257703,1.50406701325637,3.80120363484882,1.8344864973459198
0.530796186900317,2.32174826472094,-0.157278729056805,-0.39186663181713,-0.125800126369283
2.21545524167169,3.86226799573371,0.9792991983974759,0.5322693484837029,0.895573200009887
2.24692715981229,-0.00455450393546308,2.02331643122823,1.86734433419646,3.35516502885904
2.59175079829889,0.41310436547994894,3.2516776088259705,3.2302447893083706,5.0792695373690195
2.51961931887787,2.62076615120883,1.4625872944755802,4.3792499039220205,2.3442846193927203
2.34608609133026,4.06877898619654,1.24853824806351,0.7149546892732359,1.3062820076106398
1.29514257269241,1.2004503517548,-0.6029913924163821,2.57019736873333,1.3416524893934398
0.5732220774306209,3.6590094192428397,0.9351194360002659,-0.945943335103443,-0.49717016784161405
2.28628957035383,0.598762100691807,1.84278286952593,3.31637470332816,3.8245897842935004
0.40832523279794997,0.369663041434224,-0.9154822699781621,2.58105420450893,1.20190484415031
0.0260847396127386,0.42145547675957895,-1.0228591387641701,2.2347493890506,0.4616991150717371
3.8475831868076495,4.985656217698099,2.13092759310291,2.23212771471038,2.47359749416468
2.01987217314471,4.229116234338569,1.84407837778856,0.548970333097339,1.01781017958098
1.61681489079965,0.77320075405081,2.5407014666402596,2.09822573476888,3.7526518701081097
3.3251402757550497,1.7676560069551701,3.91127471642043,3.9508919538433904,4.38463001934146
2.06629000705066,2.47484235859037,0.988633356873687,4.53209220262477,2.15273180514149
0.51222117107325,2.9500381422735202,0.195937963075711,-0.792083046609657,-0.42089990237061403
2.3384223490096,3.7895529149369596,0.7637132688321852,0.202909666544034,0.676080004037953
1.71180798498809,3.3056552759933298,0.308203804695062,-0.17318896284646002,0.218340486468212
2.2511209236069503,1.02064095300604,2.76316041035536,4.1774183260504,4.39276754284216
3.91241036412627,1.90492037483807,3.95791347816415,4.846728161173111,4.73209485478512
1.5468035023406201,1.18076019581522,2.5527108517977797,2.60925716649499,3.43168382539623
5.01026201297754,6.694485452967171,2.93946960661838,2.9029990955653195,3.1778681168279
2.92551094265574,5.79589469038827,2.296820608811,0.5841425045541639,1.4250653772851003
-0.57094852636049,0.0740441929035816,-1.26503005677177,1.4047302795814398,-0.287875509294016
1.23761763014167,4.02426883217662,1.58491592567038,0.0928280543031152,0.609818459871984
1.2875101591687,0.833901518725961,0.46539763553222097,3.9199277160531003,2.8053973659225897
3.81735027638767,0.9097254637789219,3.3447206337515403,3.7802492085297,5.3249447668908
2.38542645880603,2.2252816487857796,2.22448580461848,5.07650447777612,2.90516169380795
2.24804121235206,2.52003655872121,1.73751564517721,3.96137891466295,1.81565700330929
2.7118514592325003,2.7334993699162995,2.3781660805333598,5.478301129429769,3.05692838633458
3.84046330512195,3.48944455454841,2.44628872821965,4.39215931949701,2.8643303048941404
3.5903670170027,6.0315219240617,2.7600834571185695,1.87002216098213,2.34187146187754
1.28046019905645,1.88567374927618,1.27319085372074,4.05743149496407,1.05855031481278
1.8281440314282,1.64282831742221,2.24705640482237,3.70413607091508,3.8951761954375295
-0.4153680671907629,-0.0415328244749318,1.0633450132681899,0.875914212689168,1.6106039454923702
1.70762568353494,1.7406659763739398,0.519107011914526,3.5881766937242205,1.79395937317082
1.5302870717737902,0.333727176512422,3.4369329371704,1.53295856741138,2.56629937570819
4.9120268217991,1.9054258056930602,5.35623800827455,5.41110099555319,6.81263751743576
2.9226183666561196,4.9472299620125595,1.75455296394457,1.25071157085259,1.76659904433668
1.04014858929083,1.26483405195004,0.0242271069343711,2.8842729309020494,1.02689045809802
-0.0959003929915165,-1.24492187640484,1.5140266046116102,0.065038333432732,2.52606753196947
1.99166882555811,3.6649618922935403,0.498173629517713,0.273879485960578,0.82770974496638
1.11211097785617,0.755395933468482,3.42934117838612,1.83641600392054,3.7695604833037697
2.7040051481495695,4.3526167357911305,0.7033930594853871,0.32761798634880396,0.5632959703304561
1.6755773036206103,4.30906903853652,1.35546793648685,-0.0287197133714819,0.664527060999603
